Workbook

Sheet Résumé
A1: Tests utilisateurs du 22 octobre 2026 : corrections
A2: Source : docs/tests-utilisateurs/2026-10-22.md (test synthétique : 5 personas joués par des IA + revue Nielsen + audit axe-core). Difficulté et temps : estimations de Claude, à ajuster.
B4: Bloquant | C4: Gênant | D4: Mineur | E4: Total | F4: Temps estimé (h)
A5: À faire maintenant | B5: =COUNTIF('À faire maintenant'!F4:F57,"Bloquant") -> 3 | C5: =COUNTIF('À faire maintenant'!F4:F57,"Gênant") -> 24 | D5: =COUNTIF('À faire maintenant'!F4:F57,"Mineur") -> 27 | E5: =SUM(B5:D5) -> 54 | F5: =SUM('À faire maintenant'!I4:I57) -> 85.1
A6: À tester plus tard | B6: =COUNTIF('À tester plus tard'!F4:F14,"Bloquant") -> 0 | C6: =COUNTIF('À tester plus tard'!F4:F14,"Gênant") -> 3 | D6: =COUNTIF('À tester plus tard'!F4:F14,"Mineur") -> 8 | E6: =SUM(B6:D6) -> 11 | F6: =SUM('À tester plus tard'!I4:I14) -> 38.5
A7: À vérifier sur un vrai appareil | E7: =COUNTA('À vérifier sur un vrai appareil'!B4:B12) -> 9
A9: « À faire maintenant » par difficulté | B9: Nombre | C9: Heures
A10: 1 - Facile | B10: =COUNTIF('À faire maintenant'!H4:H57,A10) -> 31 | C10: =SUMIF('À faire maintenant'!H4:H57,A10,'À faire maintenant'!I4:I57) -> 21.1
A11: 2 - Moyen | B11: =COUNTIF('À faire maintenant'!H4:H57,A11) -> 22 | C11: =SUMIF('À faire maintenant'!H4:H57,A11,'À faire maintenant'!I4:I57) -> 56
A12: 3 - Difficile | B12: =COUNTIF('À faire maintenant'!H4:H57,A12) -> 1 | C12: =SUMIF('À faire maintenant'!H4:H57,A12,'À faire maintenant'!I4:I57) -> 8
A14: Avancement « À faire maintenant »
A15: Fait | B15: =COUNTIF('À faire maintenant'!J4:J57,"Fait") -> 0
A16: % fait | B16: =IFERROR(B15/E5,0) -> 0
A18: Les 5 corrections prioritaires du rapport : G1 (une fenêtre à la fois), B1 (nouveau coach), B2 (démarrage lent, mesurer d'abord), G3+G4+G6 (stratégies), G2 (heure de rendez-vous).
A19: Mode d'emploi : changez la colonne « Statut » (liste déroulante) au fil des corrections ; le résumé se met à jour. Difficulté : 1 = moins d'une heure (texte, couleur), 2 = quelques heures, 3 = une journée ou plus.

Sheet À faire maintenant
A1: À faire maintenant : bonnes pratiques et défauts évidents (du plus facile au plus difficile)
A3: Ordre | B3: Réf. rapport | C3: Problème | D3: Écran | E3: Vu par | F3: Gravité | G3: Solution proposée | H3: Difficulté | I3: Temps estimé (h) | J3: Statut
A4: 1 | B4: B1 | C4: Un nouveau coach ne peut pas créer son équipe (« Créer le club » grisé, aucune piste) | D4: Accueil sans club, Compte | E4: Michel, Sandrine | F4: Bloquant | G4: Bouton actif « Demander l'ouverture de mon club » (e-mail prérempli) + « Réponse sous 24 h » ; renommer le bouton du menu tant que la création est fermée. | H4: 1 - Facile | I4: 1.5 | J4: À faire
A5: 2 | B5: G5 | C5: « Relancer » et « Copier pour WhatsApp » tutoient (« utilise », « colle-le ») | D5: Agenda › événement | E5: Michel | F5: Gênant | G5: Vouvoyer : « utilisez », « collez-le ». | H5: 1 - Facile | I5: 0.25 | J5: À faire
A6: 3 | B6: G16 | C6: Rien ne confirme que la convocation est partie ; le mot « convocation » n'apparaît pas | D6: Agenda › nouvel événement | E6: Michel | F6: Gênant | G6: Case « Envoyer la convocation à l'équipe » ; message « Convocation envoyée à 14 joueurs ». | H6: 1 - Facile | I6: 1 | J6: À faire
A7: 4 | B7: G15 | C7: Les « Sans réponse » sont tout en bas, le compteur n'est pas cliquable | D7: Agenda › événement | E7: Michel | F7: Gênant | G7: Afficher les « Sans réponse » en premier ; compteurs cliquables. | H7: 1 - Facile | I7: 1 | J7: À faire
A8: 5 | B8: G3 | C8: Le joueur arrive sur « Mes dessins » vide : il croit qu'il n'y a pas de stratégie | D8: Stratégies (joueur) | E8: Lucas | F8: Gênant | G8: Ouvrir sur « De l'équipe » pour un joueur (au moins si une stratégie n'est pas vue). | H8: 1 - Facile | I8: 1 | J8: À faire
A9: 6 | B9: G20 | C9: « Choisir l'équipe de Emma » reste affiché après la demande ; Séniors proposé à une ado | D9: Accueil parent | E9: Emma et Karim | F9: Gênant | G9: Remplacer par « Demande envoyée à U16 : le coach doit la valider » ; masquer les équipes séniors pour un jeune. | H9: 1 - Facile | I9: 1 | J9: À faire
A10: 7 | B10: G12 | C10: Le lien d'invitation ouvre « Inscription » même pour qui a déjà un compte | D10: Lien d'invitation | E10: Lucas | F10: Gênant | G10: Deux gros boutons égaux : « J'ai déjà un compte » / « Créer mon compte ». | H10: 1 - Facile | I10: 1 | J10: À faire
A11: 8 | B11: G23 | C11: Contrastes juste sous le seuil (gris secondaire, bleu pâle ; en sombre : boutons et Présent/Peut-être/Absent) | D11: Partout | E11: Audit | F11: Gênant | G11: Ajuster 6 variables de :root (valeurs proposées dans le rapport, section 5). | H11: 1 - Facile | I11: 1 | J11: À faire
A12: 9 | B12: G11 | C12: Rien pour un jeune de moins de 15 ans ; la phrase « Demandez à un parent » est cachée | D12: Inscription | E12: Emma et Karim | F12: Gênant | G12: 3e carte « J'ai moins de 15 ans » qui explique, avec « Envoyer ce lien à mon parent ». | H12: 1 - Facile | I12: 1.5 | J12: À faire
A13: 10 | B13: G19 | C13: Accord parental peu clair (« pour lui », pas de prénom, aucune trace ensuite) | D13: Inscription parent, Mes jeunes | E13: Emma et Karim | F13: Gênant | G13: Texte avec le prénom, 2-3 puces sur ce que voit l'équipe, « Accord donné le … » dans Mes jeunes. Vérifier js/legal.js. | H13: 1 - Facile | I13: 1.5 | J13: À faire
A14: 11 | B14: M31 | C14: « Ouvrir l'appli » avec une apostrophe droite | D14: Page publique d'une stratégie | E14: Audit | F14: Mineur | G14: Apostrophe typographique ’ comme ailleurs. | H14: 1 - Facile | I14: 0.1 | J14: À faire
A15: 12 | B15: G20b | C15: Faute « Choisir l'équipe de Emma » | D15: Accueil parent | E15: Emma et Karim | F15: Mineur | G15: Écrire « d'Emma » (élision devant une voyelle). | H15: 1 - Facile | I15: 0.25 | J15: À faire
... A57: 54 | B57: B2 | C57: ≈ 17 s d'écran presque vide au démarrage en 3G, sans indicateur | D57: Ouverture de l'appli | E57: Lucas | F57: Bloquant | G57: D'abord mesurer sur la version en ligne. Puis : écran de chargement immédiat, accueil chargé en premier, appli gardée en mémoire sur le téléphone. | H57: 3 - Difficile | I57: 8 | J57: À faire
H59: Total (h) | I59: =SUM(I4:I57) -> 85.1

Sheet À tester plus tard
A1: À tester plus tard, avec de vrais utilisateurs (utile ou pas ? mieux ou pas ?)
A3: Ordre | B3: Réf. rapport | C3: Problème | D3: Écran | E3: Vu par | F3: Gravité | G3: Idée de solution | H3: Difficulté | I3: Temps estimé (h) | J3: Question à vérifier avec les utilisateurs | K3: Statut
A4: 1 | B4: M10 | C4: Carte « Séances – BIENTÔT » sur l'accueil : impression d'appli pas finie | D4: Accueil | E4: Sandrine, Audit | F4: Mineur | G4: La placer en bas, en discret (ou la retirer). | H4: 1 - Facile | I4: 0.5 | J4: Compter les « Ça m'intéresse » dans le back-office avant de décider. | K4: À tester
A5: 2 | B5: M11 | C5: « Demander à rejoindre » sans dire pour qui ; « Créer un nouveau club » montré au parent | D5: Équipe (parent) | E5: Emma et Karim | F5: Mineur | G5: Préciser « pour Emma / pour moi » ; replier « Créer un club ». | H5: 1 - Facile | I5: 1 | J5: Observer de vrais parents : se trompent-ils d'équipe ou de personne ? | K5: À tester
A6: 3 | B6: M28 | C6: Le visiteur voit la barre Accueil / Agenda / Stratégies / Équipe sans équipe | D6: Accueil visiteur | E6: Audit | F6: Mineur | G6: Barre réduite ou « Créez un compte pour voir votre agenda ». | H6: 1 - Facile | I6: 1 | J6: Les visiteurs cliquent-ils dessus ? Cela aide-t-il à comprendre l'appli ? | K6: À tester
A7: 4 | B7: G1b | C7: Tutoriel imposé de 8 à 11 étapes ; notifications demandées trop tôt | D7: Première connexion | E7: Les 6 testeurs | F7: Gênant | G7: Tutoriel proposé (« Voir la visite en 1 minute ? ») ; notifications proposées après la 1re réponse à une convocation. | H7: 2 - Moyen | I7: 3 | J7: Comparer le taux d'activation des notifications avant/après ; le tutoriel est-il regardé jusqu'au bout ? | K7: À tester
A8: 5 | B8: M6 | C8: Sélecteur d'équipe pas reconnu comme tel, sans « Tout le club » | D8: En-tête | E8: Sandrine | F8: Mineur | G8: Libellé « Équipe : », options « Tout le club » et « + Créer une équipe ». | H8: 2 - Moyen | I8: 3 | J8: Utile seulement si la vue club (G9) est faite. | K8: À tester
A9: 6 | B9: M4 | C9: Plein écran d'une stratégie en portrait : terrain petit | D9: Stratégies, page publique | E9: Lucas, Audit | F9: Mineur | G9: « Tournez votre téléphone » ou terrain vertical ; consigne plus grande. | H9: 2 - Moyen | I9: 3 | J9: Les joueurs regardent-ils les stratégies en plein écran ? En portrait ou paysage ? | K9: À tester
A10: 7 | B10: M18 | C10: Pas de trace de la course entre deux étapes | D10: Éditeur | E10: Thomas | F10: Mineur | G10: Position précédente en pointillé léger. | H10: 2 - Moyen | I10: 4 | J10: À valider avec de vrais coachs : aide ou encombre ? | K10: À tester
A11: 8 | B11: M32 | C11: Longue liste de membres sans recherche ni filtre | D11: Équipe › Membres | E11: Audit | F11: Mineur | G11: Liste compacte + recherche. | H11: 2 - Moyen | I11: 3 | J11: Utile quand les clubs auront de grosses équipes (40+). | K11: À tester
A12: 9 | B12: G9 | C12: La présidente n'a pas de vue d'ensemble du club | D12: Équipe › Club, accueil bureau | E12: Sandrine | F12: Gênant | G12: Tableau par équipe (membres, événements 30 j, taux de réponse et de présence, dernière activité) + encadré « Le club cette semaine ». | H12: 3 - Difficile | I12: 8 | J12: Les présidents s'en servent-ils ? Quels chiffres regardent-ils vraiment ? (lien avec « mesure de l'activation des clubs ») | K12: À tester
A13: 10 | B13: G10b | C13: La démo ne montre que la vue d'un coach, avec une seule équipe | D13: Démo | E13: Sandrine | F13: Gênant | G13: « Voir la démo comme coach / joueur / bureau du club », avec 2 ou 3 équipes. | H13: 3 - Difficile | I13: 6 | J13: La démo fait-elle vraiment s'inscrire ? Quel rôle les visiteurs choisissent-ils ? | K13: À tester
A14: 11 | B14: M17 | C14: La passe n'est pas animée : le ballon saute d'un joueur à l'autre | D14: Éditeur, aperçu | E14: Thomas | F14: Mineur | G14: Faire voyager le ballon le long de la flèche. | H14: 3 - Difficile | I14: 6 | J14: Les coachs le demandent-ils ? Les joueurs comprennent-ils mieux ? | K14: À tester
H16: Total (h) | I16: =SUM(I4:I14) -> 38.5

Sheet À vérifier sur un vrai appareil
A1: À vérifier sur un vrai appareil (sans doute dû aux conditions du test, pas un vrai défaut)
A3: N° | B3: Constat | C3: Vu par | D3: Cause probable | E3: Comment vérifier | F3: Statut
A4: 1 | B4: Dates et heures au format américain (10/23/2026, 07:00 PM) | C4: Michel, Emma, Audit | D4: Champs du navigateur de test | E4: Ouvrir l'appli sur un vrai Android et un vrai iPhone réglés en français. | F4: À vérifier
A5: 2 | B5: Pas de match le week-end dans les missions | C5: Michel, Lucas | D5: Données de test (match un lundi) | E5: Dans test_seed(), placer un match le samedi ou dimanche suivant. | F5: À vérifier
A6: 3 | B6: « Nos conditions évoluent » montré à un compte qui vient d'arriver | C6: Michel, Lucas, Emma | D6: Comptes préparés à l'avance | E6: Vérifier avec une vraie inscription (le doublon, lui, est un vrai problème : G1). | F6: À vérifier
A7: 4 | B7: Heure du match « 13h00 » au lieu de 14h00 dans l'audit | C7: Audit | D7: Navigateur pas réglé sur l'heure de Paris | E7: Rien à faire si c'est confirmé. | F7: À vérifier
A8: 5 | B8: Date de publication « 02:53 » | C8: Lucas | D8: Heure réelle du test, la nuit | E8: Rien à faire. | F8: À vérifier
A9: 6 | B9: Bandeau « Environnement de test » qui chevauche des boutons | C9: Plusieurs | D9: N'existe pas en production | E9: Rien à faire. | F9: À vérifier
A10: 7 | B10: Tutoriel « 4 / 5 » au lieu de « 11 » vu une fois | C10: Sandrine | D10: Non reproduit | E10: Relancer le tutoriel en présidente et vérifier quelle visite s'affiche. | F10: À vérifier
A11: 8 | B11: Écart d'une heure pile sur le rendez-vous (G2) | C11: Michel, Lucas | D11: Donnée de test ou heure d'été/hiver ? | E11: Trouver la cause avant de corriger G2. | F11: À vérifier
A12: 9 | B12: Lenteur de 17 s au démarrage (B2) | C12: Lucas | D12: Mesurée en local avec 3G simulée | E12: Refaire la mesure sur la version en ligne (téléphone en 3G ou « réseau lent » du navigateur). | F12: À vérifier
